<?xml version="1.0" encoding="UTF-8"?>
<beans xmlns="http://www.springframework.org/schema/beans"
	xmlns:xsi="http://www.w3.org/2001/XMLSchema-instance" xmlns:security="http://www.springframework.org/schema/security"
	xmlns:webflow-config="http://www.springframework.org/schema/webflow-config"
	xsi:schemaLocation="http://www.springframework.org/schema/beans 
       http://www.springframework.org/schema/beans/spring-beans.xsd 
       http://www.springframework.org/schema/security 
       http://www.springframework.org/schema/security/spring-security.xsd
       http://www.springframework.org/schema/webflow-config 
        http://www.springframework.org/schema/webflow-config/spring-webflow-config.xsd">

	<!-- Spring - Security Purpose -->
	<security:http auto-config="true" use-expressions="true"
		disable-url-rewriting="false">
		<security:csrf disabled="true" />
		<security:intercept-url pattern="/index/**" access="permitAll" />
		<security:intercept-url pattern="/cart/**" access="permitAll" />
		<security:intercept-url pattern="/get*/**" access="hasAnyRole('ROLE_ADMIN','ROLE_USER')" />
		<security:intercept-url pattern="/admin*/**" access="hasRole('ROLE_ADMIN')" />
		<security:form-login login-page="/login" authentication-failure-url="/login?error=1" default-target-url="/index" />
		<security:logout logout-url="/j_spring_security_logout" />
	</security:http>

	<security:authentication-manager>
		<security:authentication-provider>
			<security:user-service>
				<security:user name="admin@bu.edu"
					password="admin" authorities="ROLE_ADMIN" />
			</security:user-service>
		</security:authentication-provider>
		<security:authentication-provider>
			<security:jdbc-user-service
				data-source-ref="dataSource"
				authorities-by-username-query="SELECT
				emailId,authorities FROM authorities WHERE emailId =?"
				users-by-username-query="SELECT
				emailId, password, enabled FROM users WHERE emailId=? " />
		</security:authentication-provider>

	</security:authentication-manager>

	<webflow-config:flow-executor id="flowExecutor"
		flow-registry="flowRegistry">
	</webflow-config:flow-executor>

	<webflow-config:flow-registry id="flowRegistry"
		base-path="/WEB-INF/flow">
		<webflow-config:flow-location path="/checkout/checkout-flow.xml"
			id="checkout"></webflow-config:flow-location>
	</webflow-config:flow-registry>

	<bean id="flowHandleMapping"
		class="org.springframework.webflow.mvc.servlet.FlowHandlerMapping">
		<property name="flowRegistry" ref="flowRegistry"></property>
	</bean>
	<bean id="flowHandlerAdapter"
		class="org.springframework.webflow.mvc.servlet.FlowHandlerAdapter">
		<property name="flowExecutor" ref="flowExecutor"></property>
	</bean>

</beans>